{
  "products": [
    {
      "id": 1,
      "title": "AARP",
      "desc": "Health Care Package Adult A1",
      "amount": "299",
      "activeOrders": 129,
      "status": "pending",
      "orderDate": "1/2/22",
      "imageUrl": "aarp.png"
    },
    {
      "id": 2,
      "title": "GM",
      "description": "Alternative Car Parts",
      "amount": "499",
      "activeOrders": 540,
      "status": "refund",
      "orderDate": "1/2/22",
      "imageUrl": "gm2.png"
    },
    {
      "id": 3,
      "title": "Chevy",
      "description": "FX234A",
      "amount": 90,
      "activeOrders": 1928,
      "status": "delivered",
      "orderDate": "03/4/22",
      "imageUrl": "chevy.png"
    },
    {
      "id": 4,
      "title": "GM",
      "description": "Car Parts AJX889",
      "amount": "G",
      "activeOrders": 640,
      "status": "refund",
      "orderDate": "1/2/22",
      "imageUrl": "gm.png"
    },
    {
      "id": 5,
      "title": "McDonalds",
      "description": "Big Magic Jumbo",
      "amount": 209,
      "activeOrders": 1640,
      "status": "confirmed",
      "orderDate": "1/4/22",
      "imageUrl": "mcdonald.png"
    },
    {
      "id": 6,
      "title": "Tesla",
      "description": "Model X",
      "amount": 215,
      "activeOrders": 1250,
      "status": "pending",
      "orderDate": "1/5/22",
      "imageUrl": "tesla.png"
    },
    {
      "id": 7,
      "title": "Match.com",
      "description": "Renewal Subscription",
      "amount": 48,
      "activeOrders": 4098,
      "status": "delivered",
      "orderDate": "12/4/22",
      "imageUrl": "match.png"
    },
    {
      "id": 8,
      "title": "Prime Theraputics",
      "description": "Natural oil",
      "amount": 135,
      "activeOrders": 1098,
      "status": "confirmed",
      "orderDate": "3/3/22",
      "imageUrl": "prime.png"
    }
  ]
}